{"PRODUCT_COMBINATION": {"class_counts": [["POS household with interest", 74], ["POS mobile with interest", 32], ["POS industry with interest", 22], ["POS household without interest", 15], ["Cash Street: high", 5], ["POS mobile without interest", 4], ["POS other with interest", 3], ["Cash Street: middle", 2], ["Cash X-Sell: high", 1], ["Cash X-Sell: middle", 1], ["POS industry without interest", 1]], "avg_precision": 0.8007552230378316, "avg_recall": 0.8181818181818182, "avg_f1": 0.8091585085326058, "avg_accuracy": 0.96875, "weighted_precision": 0.9397695069875777, "weighted_recall": 0.96875, "weighted_f1": 0.9537150270154603, "weighted_accuracy": 0.96875, "class_precision": [1.0, 0.9142857142857143, 0.9565217391304348, 0.9375, 1.0, 0.0, 1.0, 1.0, 1.0, 1.0, 0.0], "class_recall": [1.0, 1.0, 1.0, 1.0, 1.0, 0.0, 1.0, 1.0, 1.0, 1.0, 0.0], "class_f1": [1.0, 0.955223880597015, 0.9777777777777777, 0.967741935483871, 1.0, 0.0, 1.0, 1.0, 1.0, 1.0, 0.0], "class_accuracy": 0.96875, "num_classes": 11, "num_applicable_rows": 160, "confusion_matrix": [["POS household with interest", [["POS household with interest", 74]]], ["POS mobile with interest", [["POS mobile with interest", 32]]], ["POS industry with interest", [["POS industry with interest", 22]]], ["POS household without interest", [["POS household without interest", 15]]], ["Cash Street: high", [["Cash Street: high", 5]]], ["POS mobile without interest", [["POS mobile with interest", 3], ["POS household without interest", 1]]], ["POS other with interest", [["POS other with interest", 3]]], ["Cash Street: middle", [["Cash Street: middle", 2]]], ["Cash X-Sell: high", [["Cash X-Sell: high", 1]]], ["Cash X-Sell: middle", [["Cash X-Sell: middle", 1]]], ["POS industry without interest", [["POS industry with interest", 1]]]], "precision_recall_curves": {"POS household with interest": {"precision": [1.0, 1.0, 1.0, 1.0, 1.0, 1.0, 1.0, 1.0, 1.0, 1.0, 1.0, 1.0, 1.0, 1.0, 1.0, 1.0, 1.0, 1.0, 1.0, 1.0, 1.0, 1.0, 1.0, 1.0, 1.0, 1.0, 1.0, 1.0, 1.0, 1.0, 1.0, 1.0, 1.0, 1.0, 1.0, 1.0, 1.0, 1.0, 1.0, 1.0, 1.0, 1.0, 1.0, 1.0, 1.0, 1.0, 1.0, 1.0, 1.0, 1.0, 1.0, 1.0, 1.0, 1.0, 1.0, 1.0, 1.0, 1.0, 1.0, 1.0, 1.0, 1.0, 1.0, 1.0, 1.0, 1.0, 1.0, 1.0, 1.0, 1.0, 1.0, 1.0, 1.0, 1.0, 1.0], "recall": [1.0, 0.9864864864864865, 0.972972972972973, 0.9594594594594594, 0.9459459459459459, 0.9324324324324325, 0.918918918918919, 0.9054054054054054, 0.8918918918918919, 0.8783783783783784, 0.8648648648648649, 0.8513513513513513, 0.8378378378378378, 0.8243243243243243, 0.8108108108108109, 0.7972972972972973, 0.7837837837837838, 0.7702702702702703, 0.7567567567567568, 0.7432432432432432, 0.7297297297297297, 0.7162162162162162, 0.7027027027027027, 0.6891891891891891, 0.6756756756756757, 0.6621621621621622, 0.6486486486486487, 0.6351351351351351, 0.6216216216216216, 0.6081081081081081, 0.5945945945945946, 0.581081081081081, 0.5675675675675675, 0.5540540540540541, 0.5405405405405406, 0.527027027027027, 0.5135135135135135, 0.5, 0.4864864864864865, 0.47297297297297297, 0.4594594594594595, 0.44594594594594594, 0.43243243243243246, 0.4189189189189189, 0.40540540540540543, 0.3918918918918919, 0.3783783783783784, 0.36486486486486486, 0.35135135135135137, 0.33783783783783783, 0.32432432432432434, 0.3108108108108108, 0.2972972972972973, 0.28378378378378377, 0.2702702702702703, 0.25675675675675674, 0.24324324324324326, 0.22972972972972974, 0.21621621621621623, 0.20270270270270271, 0.1891891891891892, 0.17567567567567569, 0.16216216216216217, 0.14864864864864866, 0.13513513513513514, 0.12162162162162163, 0.10810810810810811, 0.0945945945945946, 0.08108108108108109, 0.06756756756756757, 0.05405405405405406, 0.04054054054054054, 0.02702702702702703, 0.013513513513513514, 0.0], "thresholds": [0.862829327583313, 0.8970231413841248, 0.9083808064460754, 0.9499993324279785, 0.9549882411956787, 0.9561024904251099, 0.9605098366737366, 0.9670854806900024, 0.9673517346382141, 0.977277934551239, 0.9792301058769226, 0.9799367189407349, 0.9816758632659912, 0.9827008843421936, 0.9835157990455627, 0.9838358163833618, 0.9839527010917664, 0.9858748316764832, 0.9876954555511475, 0.9877034425735474, 0.9880577325820923, 0.9896844625473022, 0.9901262521743774, 0.9906315803527832, 0.9906706809997559, 0.9907207489013672, 0.9926164746284485, 0.9926590323448181, 0.9926851987838745, 0.9928061366081238, 0.9930754899978638, 0.9941680431365967, 0.9942043423652649, 0.9942243695259094, 0.994371771812439, 0.9944720268249512, 0.9950209856033325, 0.9953340888023376, 0.9954223036766052, 0.995488703250885, 0.9955075979232788, 0.9955139756202698, 0.9956077933311462, 0.99566251039505, 0.9957621693611145, 0.9959414601325989, 0.9959536790847778, 0.9960224032402039, 0.996253252029419, 0.9963416457176208, 0.9964422583580017, 0.9968003034591675, 0.9971408843994141, 0.9972617626190186, 0.9973509311676025, 0.9976105690002441, 0.998185932636261, 0.9982463121414185, 0.9983856678009033, 0.9984128475189209, 0.9984241724014282, 0.998456597328186, 0.9984827637672424, 0.9985167384147644, 0.9987527132034302, 0.9987602233886719, 0.9987683892250061, 0.998852014541626, 0.9988986253738403, 0.9992063641548157, 0.999382734298706, 0.9995864033699036, 0.9996156692504883, 0.9997586607933044]}, "POS mobile with interest": {"precision": [1.0, 1.0, 1.0, 1.0, 1.0, 1.0, 1.0, 1.0, 1.0, 1.0, 1.0, 1.0, 1.0, 1.0, 1.0, 1.0, 1.0, 1.0, 1.0, 1.0, 1.0, 1.0, 1.0, 1.0, 1.0, 1.0, 1.0, 1.0, 1.0, 1.0, 1.0, 1.0, 1.0], "recall": [1.0, 0.96875, 0.9375, 0.90625, 0.875, 0.84375, 0.8125, 0.78125, 0.75, 0.71875, 0.6875, 0.65625, 0.625, 0.59375, 0.5625, 0.53125, 0.5, 0.46875, 0.4375, 0.40625, 0.375, 0.34375, 0.3125, 0.28125, 0.25, 0.21875, 0.1875, 0.15625, 0.125, 0.09375, 0.0625, 0.03125, 0.0], "thresholds": [0.9855238795280457, 0.9880027770996094, 0.9892644286155701, 0.9917622804641724, 0.9925642609596252, 0.9937623143196106, 0.9942409992218018, 0.994297444820404, 0.9955790638923645, 0.997016191482544, 0.9970513582229614, 0.9972437620162964, 0.9974344372749329, 0.9975296854972839, 0.9977186918258667, 0.9979538917541504, 0.9979617595672607, 0.9979913234710693, 0.998088538646698, 0.9982642531394958, 0.9983775615692139, 0.9986556768417358, 0.9987490177154541, 0.9988707900047302, 0.9989185333251953, 0.9990123510360718, 0.999075174331665, 0.9992138147354126, 0.9992628693580627, 0.9993359446525574, 0.9994598031044006, 0.9996317625045776]}, "POS industry with interest": {"precision": [1.0, 1.0, 1.0, 1.0, 1.0, 1.0, 1.0, 1.0, 1.0, 1.0, 1.0, 1.0, 1.0, 1.0, 1.0, 1.0, 1.0, 1.0, 1.0, 1.0, 1.0, 1.0, 1.0], "recall": [1.0, 0.9545454545454546, 0.9090909090909091, 0.8636363636363636, 0.8181818181818182, 0.7727272727272727, 0.7272727272727273, 0.6818181818181818, 0.6363636363636364, 0.5909090909090909, 0.5454545454545454, 0.5, 0.45454545454545453, 0.4090909090909091, 0.36363636363636365, 0.3181818181818182, 0.2727272727272727, 0.22727272727272727, 0.18181818181818182, 0.13636363636363635, 0.09090909090909091, 0.045454545454545456, 0.0], "thresholds": [0.8955962657928467, 0.9368669390678406, 0.9510306715965271, 0.9644739627838135, 0.9816537499427795, 0.9837755560874939, 0.9844216108322144, 0.9932157397270203, 0.994053304195404, 0.9949359893798828, 0.9954953193664551, 0.9957455992698669, 0.9957905411720276, 0.9962158799171448, 0.9971185922622681, 0.9972067475318909, 0.9973297119140625, 0.997458279132843, 0.9975086450576782, 0.9986138343811035, 0.9989400506019592, 0.9989746809005737]}, "POS household without interest": {"precision": [0.9375, 0.9333333333333333, 0.9285714285714286, 0.9230769230769231, 0.9166666666666666, 0.9090909090909091, 0.9, 0.8888888888888888, 1.0, 1.0, 1.0, 1.0, 1.0, 1.0, 1.0, 1.0, 1.0], "recall": [1.0, 0.9333333333333333, 0.8666666666666667, 0.8, 0.7333333333333333, 0.6666666666666666, 0.6, 0.5333333333333333, 0.5333333333333333, 0.4666666666666667, 0.4, 0.3333333333333333, 0.26666666666666666, 0.2, 0.13333333333333333, 0.06666666666666667, 0.0],