{"PRODUCT_COMBINATION": {"class_counts": [["POS household with interest", 74], ["POS mobile with interest", 32], ["POS industry with interest", 22], ["POS household without interest", 15], ["Cash Street: high", 5], ["POS mobile without interest", 4], ["POS other with interest", 3], ["Cash Street: middle", 2], ["POS industry without interest", 1], ["Cash X-Sell: middle", 1], ["Cash X-Sell: high", 1]], "avg_precision": 0.6758814856640943, "avg_recall": 0.6993447993447993, "avg_f1": 0.6867353860532427, "avg_accuracy": 0.93125, "weighted_precision": 0.9058719375431332, "weighted_recall": 0.93125, "weighted_f1": 0.9173634422325897, "weighted_accuracy": 0.93125, "class_precision": [0.9861111111111112, 0.9142857142857143, 0.9565217391304348, 0.7777777777777778, 0.8, 0.0, 1.0, 1.0, 0.0, 1.0, 0.0], "class_recall": [0.9594594594594594, 1.0, 1.0, 0.9333333333333333, 0.8, 0.0, 1.0, 1.0, 0.0, 1.0, 0.0], "class_f1": [0.9726027397260274, 0.955223880597015, 0.9777777777777777, 0.8484848484848485, 0.8000000000000002, 0.0, 1.0, 1.0, 0.0, 1.0, 0.0], "class_accuracy": 0.93125, "num_classes": 11, "num_applicable_rows": 160, "confusion_matrix": [["POS household with interest", [["POS household with interest", 71], ["POS household without interest", 3]]], ["POS mobile with interest", [["POS mobile with interest", 32]]], ["POS industry with interest", [["POS industry with interest", 22]]], ["POS household without interest", [["POS household without interest", 14], ["POS household with interest", 1]]], ["Cash Street: high", [["Cash Street: high", 4], ["Cash X-Sell: high", 1]]], ["POS mobile without interest", [["POS mobile with interest", 3], ["POS household without interest", 1]]], ["POS other with interest", [["POS other with interest", 3]]], ["Cash Street: middle", [["Cash Street: middle", 2]]], ["POS industry without interest", [["POS industry with interest", 1]]], ["Cash X-Sell: middle", [["Cash X-Sell: middle", 1]]], ["Cash X-Sell: high", [["Cash Street: high", 1]]]], "precision_recall_curves": {"POS household with interest": {"precision": [0.9736842105263158, 0.9733333333333334, 0.972972972972973, 0.9863013698630136, 0.9861111111111112, 0.9859154929577465, 0.9857142857142858, 0.9855072463768116, 0.9852941176470589, 0.9850746268656716, 0.9848484848484849, 0.9846153846153847, 0.984375, 0.9841269841269841, 0.9838709677419355, 0.9836065573770492, 0.9833333333333333, 0.9830508474576272, 0.9827586206896551, 1.0, 1.0, 1.0, 1.0, 1.0, 1.0, 1.0, 1.0, 1.0, 1.0, 1.0, 1.0, 1.0, 1.0, 1.0, 1.0, 1.0, 1.0, 1.0, 1.0, 1.0, 1.0, 1.0, 1.0, 1.0, 1.0, 1.0, 1.0, 1.0, 1.0, 1.0, 1.0, 1.0, 1.0, 1.0, 1.0, 1.0, 1.0, 1.0, 1.0, 1.0, 1.0, 1.0, 1.0, 1.0, 1.0, 1.0, 1.0, 1.0, 1.0, 1.0, 1.0, 1.0, 1.0, 1.0, 1.0, 1.0, 1.0], "recall": [1.0, 0.9864864864864865, 0.972972972972973, 0.972972972972973, 0.9594594594594594, 0.9459459459459459, 0.9324324324324325, 0.918918918918919, 0.9054054054054054, 0.8918918918918919, 0.8783783783783784, 0.8648648648648649, 0.8513513513513513, 0.8378378378378378, 0.8243243243243243, 0.8108108108108109, 0.7972972972972973, 0.7837837837837838, 0.7702702702702703, 0.7702702702702703, 0.7567567567567568, 0.7432432432432432, 0.7297297297297297, 0.7162162162162162, 0.7027027027027027, 0.6891891891891891, 0.6756756756756757, 0.6621621621621622, 0.6486486486486487, 0.6351351351351351, 0.6216216216216216, 0.6081081081081081, 0.5945945945945946, 0.581081081081081, 0.5675675675675675, 0.5540540540540541, 0.5405405405405406, 0.527027027027027, 0.5135135135135135, 0.5, 0.4864864864864865, 0.47297297297297297, 0.4594594594594595, 0.44594594594594594, 0.43243243243243246, 0.4189189189189189, 0.40540540540540543, 0.3918918918918919, 0.3783783783783784, 0.36486486486486486, 0.35135135135135137, 0.33783783783783783, 0.32432432432432434, 0.3108108108108108, 0.2972972972972973, 0.28378378378378377, 0.2702702702702703, 0.25675675675675674, 0.24324324324324326, 0.22972972972972974, 0.21621621621621623, 0.20270270270270271, 0.1891891891891892, 0.17567567567567569, 0.16216216216216217, 0.14864864864864866, 0.13513513513513514, 0.12162162162162163, 0.10810810810810811, 0.0945945945945946, 0.08108108108108109, 0.06756756756756757, 0.05405405405405406, 0.04054054054054054, 0.02702702702702703, 0.013513513513513514, 0.0], "thresholds": [0.38628268241882324, 0.4552745819091797, 0.4774249494075775, 0.4780064821243286, 0.8051040768623352, 0.8172186613082886, 0.8336652517318726, 0.8559588193893433, 0.8652028441429138, 0.8770493865013123, 0.9021836519241333, 0.9076762795448303, 0.9150301814079285, 0.9503549337387085, 0.9517231583595276, 0.9518230557441711, 0.953536868095398, 0.9562858939170837, 0.9607096314430237, 0.9674821496009827, 0.9684562087059021, 0.9692220091819763, 0.9707339406013489, 0.9757516384124756, 0.9767098426818848, 0.9770951271057129, 0.9774535298347473, 0.9774661660194397, 0.9797265529632568, 0.9815014004707336, 0.9830793142318726, 0.9838374257087708, 0.9847269058227539, 0.9849321246147156, 0.9854728579521179, 0.9874541759490967, 0.9882634878158569, 0.989022970199585, 0.9891374707221985, 0.9892607927322388, 0.9892722368240356, 0.9892745614051819, 0.9895998239517212, 0.9896794557571411, 0.9912288188934326, 0.9912346601486206, 0.9915810227394104, 0.9925051927566528, 0.9925162196159363, 0.9929250478744507, 0.9933253526687622, 0.9935600757598877, 0.993615984916687, 0.9940847754478455, 0.9944091439247131, 0.9947163462638855, 0.9956948757171631, 0.9958729147911072, 0.9962202906608582, 0.9962485432624817, 0.9963951706886292, 0.9966008067131042, 0.9968454241752625, 0.997180700302124, 0.9972443580627441, 0.9972653388977051, 0.9976542592048645, 0.9978109002113342, 0.9979848861694336, 0.998478353023529, 0.998536229133606, 0.9992148876190186, 0.9992446899414062, 0.999283492565155, 0.9994428753852844, 0.9996747970581055]}, "POS mobile with interest": {"precision": [0.9411764705882353, 0.9393939393939394, 0.96875, 0.967741935483871, 0.9666666666666667, 0.9655172413793104, 0.9642857142857143, 1.0, 1.0, 1.0, 1.0, 1.0, 1.0, 1.0, 1.0, 1.0, 1.0, 1.0, 1.0, 1.0, 1.0, 1.0, 1.0, 1.0, 1.0, 1.0, 1.0, 1.0, 1.0, 1.0, 1.0, 1.0, 1.0, 1.0, 1.0], "recall": [1.0, 0.96875, 0.96875, 0.9375, 0.90625, 0.875, 0.84375, 0.84375, 0.8125, 0.78125, 0.75, 0.71875, 0.6875, 0.65625, 0.625, 0.59375, 0.5625, 0.53125, 0.5, 0.46875, 0.4375, 0.40625, 0.375, 0.34375, 0.3125, 0.28125, 0.25, 0.21875, 0.1875, 0.15625, 0.125, 0.09375, 0.0625, 0.03125, 0.0], "thresholds": [0.9511101841926575, 0.960462212562561, 0.9644424915313721, 0.9676794409751892, 0.9717298746109009, 0.9769604206085205, 0.9787867665290833, 0.9793045520782471, 0.9832194447517395, 0.9860355854034424, 0.9880898594856262, 0.9896450042724609, 0.9905619025230408, 0.9909886717796326, 0.9913294315338135, 0.9915968775749207, 0.9945363998413086, 0.9950262904167175, 0.9952852129936218, 0.9954836368560791, 0.9966650605201721, 0.9967535138130188, 0.9969701766967773, 0.9973986148834229, 0.9974477291107178, 0.9974648952484131, 0.9982157945632935, 0.9984824061393738, 0.9986308217048645, 0.9987176656723022, 0.9988721013069153, 0.9989162683486938, 0.9989699125289917, 0.9991055130958557]}, "POS industry with interest": {"precision": [0.9565217391304348, 0.9545454545454546, 0.9523809523809523, 0.95, 0.9473684210526315, 1.0, 1.0, 1.0, 1.0, 1.0, 1.0, 1.0, 1.0, 1.0, 1.0, 1.0, 1.0, 1.0, 1.0, 1.0, 1.0, 1.0, 1.0, 1.0], "recall": [1.0, 0.9545454545454546, 0.9090909090909091, 0.8636363636363636, 0.8181818181818182, 0.8181818181818182, 0.7727272727272727, 0.7272727272727273, 0.6818181818181818, 0.6363636363636364, 0.5909090909090909, 0.5454545454545454, 0.5, 0.45454545454545453, 0.4090909090909091, 0.36363636363636365, 0.3181818181818182, 0.2727272727272727, 0.22727272727272727, 0.18181818181818182, 0.13636363636363635, 0.09090909090909091, 0.045454545454545456, 0.0],