{"PRODUCT_COMBINATION": {"class_counts": [["POS household with interest", 74], ["POS mobile with interest", 32], ["POS industry with interest", 22], ["POS household without interest", 15], ["Cash Street: high", 5], ["POS mobile without interest", 4], ["POS other with interest", 3], ["Cash Street: middle", 2], ["POS industry without interest", 1], ["Cash X-Sell: high", 1], ["Cash X-Sell: middle", 1]], "avg_precision": 0.6758814856640943, "avg_recall": 0.6993447993447993, "avg_f1": 0.6867353860532427, "avg_accuracy": 0.93125, "weighted_precision": 0.9058719375431332, "weighted_recall": 0.93125, "weighted_f1": 0.9173634422325897, "weighted_accuracy": 0.93125, "class_precision": [0.9861111111111112, 0.9142857142857143, 0.9565217391304348, 0.7777777777777778, 0.8, 0.0, 1.0, 1.0, 0.0, 0.0, 1.0], "class_recall": [0.9594594594594594, 1.0, 1.0, 0.9333333333333333, 0.8, 0.0, 1.0, 1.0, 0.0, 0.0, 1.0], "class_f1": [0.9726027397260274, 0.955223880597015, 0.9777777777777777, 0.8484848484848485, 0.8000000000000002, 0.0, 1.0, 1.0, 0.0, 0.0, 1.0], "class_accuracy": 0.93125, "num_classes": 11, "num_applicable_rows": 160, "confusion_matrix": [["POS household with interest", [["POS household with interest", 71], ["POS household without interest", 3]]], ["POS mobile with interest", [["POS mobile with interest", 32]]], ["POS industry with interest", [["POS industry with interest", 22]]], ["POS household without interest", [["POS household without interest", 14], ["POS household with interest", 1]]], ["Cash Street: high", [["Cash Street: high", 4], ["Cash X-Sell: high", 1]]], ["POS mobile without interest", [["POS mobile with interest", 3], ["POS household without interest", 1]]], ["POS other with interest", [["POS other with interest", 3]]], ["Cash Street: middle", [["Cash Street: middle", 2]]], ["POS industry without interest", [["POS industry with interest", 1]]], ["Cash X-Sell: high", [["Cash Street: high", 1]]], ["Cash X-Sell: middle", [["Cash X-Sell: middle", 1]]]], "precision_recall_curves": {"POS household with interest": {"precision": [0.9736842105263158, 0.9733333333333334, 0.972972972972973, 0.9726027397260274, 0.9861111111111112, 0.9859154929577465, 0.9857142857142858, 0.9855072463768116, 0.9852941176470589, 0.9850746268656716, 0.9848484848484849, 0.9846153846153847, 0.984375, 0.9841269841269841, 0.9838709677419355, 0.9836065573770492, 0.9833333333333333, 0.9830508474576272, 0.9827586206896551, 1.0, 1.0, 1.0, 1.0, 1.0, 1.0, 1.0, 1.0, 1.0, 1.0, 1.0, 1.0, 1.0, 1.0, 1.0, 1.0, 1.0, 1.0, 1.0, 1.0, 1.0, 1.0, 1.0, 1.0, 1.0, 1.0, 1.0, 1.0, 1.0, 1.0, 1.0, 1.0, 1.0, 1.0, 1.0, 1.0, 1.0, 1.0, 1.0, 1.0, 1.0, 1.0, 1.0, 1.0, 1.0, 1.0, 1.0, 1.0, 1.0, 1.0, 1.0, 1.0, 1.0, 1.0, 1.0, 1.0, 1.0, 1.0], "recall": [1.0, 0.9864864864864865, 0.972972972972973, 0.9594594594594594, 0.9594594594594594, 0.9459459459459459, 0.9324324324324325, 0.918918918918919, 0.9054054054054054, 0.8918918918918919, 0.8783783783783784, 0.8648648648648649, 0.8513513513513513, 0.8378378378378378, 0.8243243243243243, 0.8108108108108109, 0.7972972972972973, 0.7837837837837838, 0.7702702702702703, 0.7702702702702703, 0.7567567567567568, 0.7432432432432432, 0.7297297297297297, 0.7162162162162162, 0.7027027027027027, 0.6891891891891891, 0.6756756756756757, 0.6621621621621622, 0.6486486486486487, 0.6351351351351351, 0.6216216216216216, 0.6081081081081081, 0.5945945945945946, 0.581081081081081, 0.5675675675675675, 0.5540540540540541, 0.5405405405405406, 0.527027027027027, 0.5135135135135135, 0.5, 0.4864864864864865, 0.47297297297297297, 0.4594594594594595, 0.44594594594594594, 0.43243243243243246, 0.4189189189189189, 0.40540540540540543, 0.3918918918918919, 0.3783783783783784, 0.36486486486486486, 0.35135135135135137, 0.33783783783783783, 0.32432432432432434, 0.3108108108108108, 0.2972972972972973, 0.28378378378378377, 0.2702702702702703, 0.25675675675675674, 0.24324324324324326, 0.22972972972972974, 0.21621621621621623, 0.20270270270270271, 0.1891891891891892, 0.17567567567567569, 0.16216216216216217, 0.14864864864864866, 0.13513513513513514, 0.12162162162162163, 0.10810810810810811, 0.0945945945945946, 0.08108108108108109, 0.06756756756756757, 0.05405405405405406, 0.04054054054054054, 0.02702702702702703, 0.013513513513513514, 0.0], "thresholds": [0.4225212335586548, 0.4619632661342621, 0.48514243960380554, 0.4896630346775055, 0.7573407888412476, 0.7952166199684143, 0.8173414468765259, 0.8487088084220886, 0.852385938167572, 0.8774992227554321, 0.8988859057426453, 0.9012778997421265, 0.9163950681686401, 0.9439073801040649, 0.946200430393219, 0.9503024816513062, 0.9521361589431763, 0.9559403657913208, 0.9601037502288818, 0.9650721549987793, 0.9659636616706848, 0.967983067035675, 0.9711805582046509, 0.9733160138130188, 0.9738040566444397, 0.9757696986198425, 0.9760895371437073, 0.9767088890075684, 0.9777887463569641, 0.9789825677871704, 0.9790898561477661, 0.9791836738586426, 0.9831534028053284, 0.9843080639839172, 0.9844008088111877, 0.9849376082420349, 0.9867602586746216, 0.9870115518569946, 0.9875839352607727, 0.9882166981697083, 0.9882468581199646, 0.9883021712303162, 0.9886386394500732, 0.9890933036804199, 0.9892571568489075, 0.9897357225418091, 0.9901272058486938, 0.9901318550109863, 0.9905388355255127, 0.9914416670799255, 0.9921873807907104, 0.9922879934310913, 0.9929706454277039, 0.9932645559310913, 0.9936084747314453, 0.9936540126800537, 0.9938936829566956, 0.9949188828468323, 0.9950380921363831, 0.9952570796012878, 0.9957796335220337, 0.9960004687309265, 0.9960601925849915, 0.9965907335281372, 0.9967034459114075, 0.9971961975097656, 0.9974116683006287, 0.9974748492240906, 0.9979187846183777, 0.9982011318206787, 0.9983793497085571, 0.9991359114646912, 0.9991375207901001, 0.9991436004638672, 0.9993072748184204, 0.99962317943573]}, "POS mobile with interest": {"precision": [0.9696969696969697, 0.96875, 0.967741935483871, 0.9666666666666667, 1.0, 1.0, 1.0, 1.0, 1.0, 1.0, 1.0, 1.0, 1.0, 1.0, 1.0, 1.0, 1.0, 1.0, 1.0, 1.0, 1.0, 1.0, 1.0, 1.0, 1.0, 1.0, 1.0, 1.0, 1.0, 1.0, 1.0, 1.0, 1.0, 1.0], "recall": [1.0, 0.96875, 0.9375, 0.90625, 0.90625, 0.875, 0.84375, 0.8125, 0.78125, 0.75, 0.71875, 0.6875, 0.65625, 0.625, 0.59375, 0.5625, 0.53125, 0.5, 0.46875, 0.4375, 0.40625, 0.375, 0.34375, 0.3125, 0.28125, 0.25, 0.21875, 0.1875, 0.15625, 0.125, 0.09375, 0.0625, 0.03125, 0.0], "thresholds": [0.9500815272331238, 0.9674702882766724, 0.9691681861877441, 0.9734251499176025, 0.9742538332939148, 0.9775249361991882, 0.9800212979316711, 0.982740044593811, 0.9840176701545715, 0.9869326949119568, 0.9889193177223206, 0.9901986122131348, 0.9907308220863342, 0.9912987351417542, 0.9929478168487549, 0.9931898713111877, 0.993970513343811, 0.9940943121910095, 0.9953737854957581, 0.995381772518158, 0.9961631298065186, 0.996351957321167, 0.9972220659255981, 0.9973871111869812, 0.9974822402000427, 0.9975823163986206, 0.9981380701065063, 0.9981415271759033, 0.998374342918396, 0.9987008571624756, 0.9988227486610413, 0.9989135265350342, 0.9991235136985779]}, "POS industry with interest": {"precision": [0.9565217391304348, 0.9545454545454546, 0.9523809523809523, 0.95, 1.0, 1.0, 1.0, 1.0, 1.0, 1.0, 1.0, 1.0, 1.0, 1.0, 1.0, 1.0, 1.0, 1.0, 1.0, 1.0, 1.0, 1.0, 1.0, 1.0], "recall": [1.0, 0.9545454545454546, 0.9090909090909091, 0.8636363636363636, 0.8636363636363636, 0.8181818181818182, 0.7727272727272727, 0.7272727272727273, 0.6818181818181818, 0.6363636363636364, 0.5909090909090909, 0.5454545454545454, 0.5, 0.45454545454545453, 0.4090909090909091, 0.36363636363636365, 0.3181818181818182, 0.2727272727272727, 0.22727272727272727, 0.18181818181818182, 0.13636363636363635, 0.09090909090909091, 0.045454545454545456, 0.0],